n,median_time_ms
1,1e-09
2,1e-09
3,0.0001
4,0.0001
5,0.0001
6,0.0001
7,0.0002
8,0.0002
9,0.0002
10,0.0005
11,0.0003
12,0.0003
13,0.0006
14,0.0004
15,0.0005
16,0.0006
17,0.0006
18,0.0006
19,0.0006
20,0.0009
21,0.0008
22,0.0008
23,0.00195
24,0.0009
25,0.0009
26,0.0013
27,0.0011
28,0.0023
29,0.0012
30,0.0013
31,0.0013
32,0.00155
33,0.0018
34,0.0019
35,0.0017
36,0.0017
37,0.0018
38,0.0019
39,0.0019
40,0.0022
41,0.0021
42,0.0023
43,0.0023
44,0.00255
45,0.0025
46,0.0026
47,0.0027
48,0.0028
49,0.0029
50,0.003
51,0.0032
52,0.0034
53,0.0035
54,0.0035
55,0.0036
56,0.0039
57,0.0039
58,0.004
59,0.0041
60,0.00455
61,0.0042
62,0.00925
63,0.0047
64,0.0079
65,0.006
66,0.005
67,0.005
68,0.0056
69,0.0054
70,0.00685
71,0.0058
72,0.0079
73,0.0059
74,0.0066
75,0.00745
76,0.0064
77,0.0067
78,0.0084
79,0.009
80,0.0092
81,0.0077
82,0.0074
83,0.0075
84,0.0085
85,0.00795
86,0.0079
87,0.00875
88,0.0083
89,0.0109
90,0.0088
91,0.0089
92,0.009
93,0.0094
94,0.011
95,0.0097
96,0.0103
97,0.0101
98,0.0105
99,0.0105
100,0.0106
101,0.01105
102,0.0111
103,0.0113
104,0.0115
105,0.0127
106,0.0118
107,0.0122
108,0.0121
109,0.0133
110,0.0128
111,0.013
112,0.0135
113,0.0134
114,0.0138
115,0.0141
116,0.01435
117,0.0142
118,0.0165
119,0.0147
120,0.015
121,0.01505
122,0.01555
123,0.0156
124,0.0159
125,0.01655
126,0.0168
127,0.0168
128,0.0171
129,0.0267
130,0.02015
131,0.0176
132,0.0181
133,0.0187
134,0.01865
135,0.0285
136,0.01925
137,0.0192
138,0.0196
139,0.0207
140,0.02
141,0.02045
142,0.02075
143,0.0215
144,0.0218
145,0.0218
146,0.02365
147,0.02225
148,0.02295
149,0.0235
150,0.0234
151,0.02315
152,0.0353
153,0.0241
154,0.02495
155,0.0245
156,0.0249
157,0.03855
158,0.02535
159,0.0258
160,0.0255
161,0.0263
162,0.02725
163,0.02705
164,0.027
165,0.0272
166,0.0276
167,0.028
168,0.0292
169,0.0289
170,0.03
171,0.0297
172,0.0296
173,0.03015
174,0.0304
175,0.03065
176,0.03115
177,0.0315
178,0.0314
179,0.03265
180,0.03255
181,0.0328
182,0.0335
183,0.0336
184,0.0342
185,0.0342
186,0.0365
187,0.0352
188,0.03565
189,0.0353
190,0.0356
191,0.03685
192,0.0367
193,0.0386
194,0.03765
195,0.03785
196,0.03795
197,0.0389
198,0.0394
199,0.03945
200,0.0396
201,0.04065
202,0.0405
203,0.0404
204,0.041
205,0.04185
206,0.0419
207,0.0427
208,0.0428
209,0.0433
210,0.0443
211,0.04405
212,0.04445
213,0.04495
214,0.04495
215,0.04495
216,0.046
217,0.04625
218,0.0476
219,0.047
220,0.04765
221,0.0507
222,0.0485
223,0.04985
224,0.0495
225,0.0506
226,0.04965
227,0.05145
228,0.0513
229,0.05155
230,0.0518
231,0.0527
232,0.0526
233,0.0532
234,0.0539
235,0.05375
236,0.0544
237,0.0549
238,0.0555
239,0.05745
240,0.0563
241,0.05675
242,0.0578
243,0.05715
244,0.05835
245,0.05835
246,0.0589
247,0.0591
248,0.0611
249,0.0614
250,0.0608
251,0.06285
252,0.0621
253,0.06245
254,0.06365
255,0.0637
256,0.0645
257,0.06435
258,0.06425
259,0.0663
260,0.06595
261,0.0659
262,0.06665
263,0.0672
264,0.0676
265,0.0689
266,0.06915
267,0.0693
268,0.0692
269,0.07155
270,0.0716
271,0.07055
272,0.0712
273,0.07225
274,0.072
275,0.07475
276,0.07405
277,0.075
278,0.07475
279,0.07525
280,0.07595
281,0.0773
282,0.07695
283,0.07735
284,0.0782
285,0.0798
286,0.07935
287,0.08055
288,0.0812
289,0.0807
290,0.08125
291,0.0822
292,0.08255
293,0.08375
294,0.08255
295,0.0837
296,0.085
297,0.0852
298,0.08485
299,0.0876
300,0.08775
301,0.08695
302,0.0884
303,0.08845
304,0.08985
305,0.0899
306,0.0897
307,0.0906
308,0.09125
309,0.0919
310,0.09335
311,0.09375
312,0.0943
313,0.09475
314,0.09445
315,0.09585
316,0.09575
317,0.09625
318,0.09745
319,0.098
320,0.0976
321,0.10035
322,0.0999
323,0.1013
324,0.10155
325,0.1015
326,0.10295
327,0.1028
328,0.10415
329,0.10415
330,0.1061
331,0.1059
332,0.10745
333,0.10865
334,0.10785
335,0.11095
336,0.11035
337,0.1108
338,0.1105
339,0.113
340,0.1162
341,0.11455
342,0.11275
343,0.1174
344,0.116
345,0.1152
346,0.11785
347,0.11685
348,0.11865
349,0.11855
350,0.1184
351,0.11855
352,0.1201
353,0.12015
354,0.12015
355,0.121
356,0.1232
357,0.12195
358,0.12305
359,0.1233
360,0.12535
361,0.1239
362,0.1252
363,0.126
364,0.1262
365,0.1273
366,0.12985
367,0.12985
368,0.1296
369,0.1313
370,0.1314
371,0.1326
372,0.13225
373,0.1338
374,0.1334
375,0.1351
376,0.1359
377,0.13775
378,0.13565
379,0.1382
380,0.1366
381,0.13915
382,0.1395
383,0.1401
384,0.141
385,0.14185
386,0.1444
387,0.14395
388,0.144
389,0.1454
390,0.14525
391,0.14635
392,0.14605
393,0.147
394,0.1491
395,0.1482
396,0.14975
397,0.15075
398,0.15145
399,0.1531
400,0.1535
401,0.15385
402,0.1543
403,0.15605
404,0.15525
405,0.1566
406,0.1575
407,0.15745
408,0.1582
409,0.1597
410,0.1599
411,0.1613
412,0.1606
413,0.1624
414,0.16355
415,0.1629
416,0.1638
417,0.16595
418,0.1667
419,0.16885
420,0.16895
421,0.1686
422,0.17005
423,0.1711
424,0.172
425,0.1717
426,0.1725
427,0.1728
428,0.17475
429,0.17545
430,0.17625
431,0.1761
432,0.1775
433,0.18185
434,0.17855
435,0.1816
436,0.1817
437,0.18005
438,0.183
439,0.1831
440,0.184
441,0.18515
442,0.18595
443,0.18685
444,0.1877
445,0.1877
446,0.18775
447,0.1889
448,0.1923
449,0.19175
450,0.19355
451,0.194
452,0.1934
453,0.1969
454,0.1975
455,0.21255
456,0.20295
457,0.2024
458,0.2058
459,0.202
460,0.203
461,0.20215
462,0.20425
463,0.20455
464,0.2045
465,0.2051
466,0.20605
467,0.2095
468,0.20895
469,0.20845
470,0.21075
471,0.21195
472,0.2115
473,0.21395
474,0.2143
475,0.2149
476,0.215
477,0.21615
478,0.2164
479,0.22015
480,0.2215
481,0.2228
482,0.22005
483,0.22285
484,0.22235
485,0.22625
486,0.22375
487,0.2259
488,0.2261
489,0.2265
490,0.23095
491,0.22895
492,0.23035
493,0.2305
494,0.23155
495,0.2314
496,0.23155
497,0.23355
498,0.2341
499,0.2355
500,0.23595
501,0.2389
502,0.23735
503,0.2394
504,0.24285
505,0.24265
506,0.24595
507,0.2495
508,0.2473
509,0.2482
510,0.2477
511,0.25195
512,0.25575
513,0.2545
514,0.2562
515,0.25525
516,0.2572
517,0.2572
518,0.26005
519,0.26565
520,0.26235
521,0.2628
522,0.2614
523,0.2628
524,0.2626
525,0.26175
526,0.26255
527,0.2654
528,0.2631
529,0.2663
530,0.26515
531,0.26845
532,0.26985
533,0.2707
534,0.271
535,0.2712
536,0.27185
537,0.27095
538,0.27465
539,0.27495
540,0.27675
541,0.2794
542,0.27815
543,0.27905
544,0.2817
545,0.28275
546,0.2823
547,0.285
548,0.28455
549,0.28845
550,0.2849
551,0.28865
552,0.2878
553,0.28895
554,0.28925
555,0.293
556,0.2949
557,0.2931
558,0.2973
559,0.29585
560,0.29665
561,0.296
562,0.30015
563,0.3007
564,0.301
565,0.30395
566,0.30435
567,0.30585
568,0.30345
569,0.306
570,0.30805
571,0.3101
572,0.30855
573,0.311
574,0.3115
575,0.3137
576,0.31485
577,0.3145
578,0.31545
579,0.31675
580,0.3178
581,0.3165
582,0.31915
583,0.3221
584,0.3239
585,0.32615
586,0.3244
587,0.32645
588,0.32905
589,0.33135
590,0.32805
591,0.332
592,0.3291
593,0.3319
594,0.33625
595,0.33515
596,0.3352
597,0.33625
598,0.3376
599,0.338
600,0.3388
601,0.34335
602,0.34295
603,0.3449
604,0.3444
605,0.3467
606,0.34735
607,0.3472
608,0.3492
609,0.34745
610,0.35235
611,0.355
612,0.35695
613,0.35455
614,0.35655
615,0.3556
616,0.3587
617,0.3619
618,0.36225
619,0.3621
620,0.36545
621,0.3657
622,0.3636
623,0.36605
624,0.3699
625,0.372
626,0.3715
627,0.3719
628,0.37495
629,0.3761
630,0.374
631,0.37625
632,0.3802
633,0.37995
634,0.3791
635,0.3802
636,0.3833
637,0.38315
638,0.3851
639,0.38395
640,0.38815
641,0.38765
642,0.39465
643,0.3906
644,0.3921
645,0.39465
646,0.39455
647,0.39845
648,0.39725
649,0.3962
650,0.40055
651,0.40105
652,0.39825
653,0.4022
654,0.4062
655,0.4064
656,0.40585
657,0.41075
658,0.41065
659,0.413
660,0.41205
661,0.4111
662,0.4139
663,0.4173
664,0.4159
665,0.41935
666,0.41995
667,0.4221
668,0.42035
669,0.42475
670,0.42195
671,0.42385
672,0.4271
673,0.42645
674,0.4276
675,0.4333
676,0.433
677,0.4355
678,0.433
679,0.4364
680,0.4366
681,0.4405
682,0.4412
683,0.44165
684,0.4417
685,0.44275
686,0.44235
687,0.4433
688,0.44905
689,0.4512
690,0.4543
691,0.4502
692,0.4521
693,0.4551
694,0.45785
695,0.4567
696,0.4597
697,0.46185
698,0.4632
699,0.46365
700,0.46045
701,0.46205
702,0.46615
703,0.46605
704,0.47205
705,0.47225
706,0.4698
707,0.47465
708,0.4735
709,0.47695
710,0.4784
711,0.47445
712,0.48255
713,0.47995
714,0.48395
715,0.48375
716,0.48465
717,0.48825
718,0.49335
719,0.4937
720,0.49
721,0.49335
722,0.49595
723,0.5002
724,0.50025
725,0.50315
726,0.50465
727,0.505
728,0.506
729,0.50975
730,0.50725
731,0.5067
732,0.5076
733,0.5087
734,0.508
735,0.5112
736,0.5097
737,0.51075
738,0.5149
739,0.51385
740,0.5178
741,0.52315
742,0.52115
743,0.5222
744,0.5252
745,0.5242
746,0.5217
747,0.5218
748,0.5295
749,0.5293
750,0.52885
751,0.53125
752,0.53635
753,0.5344
754,0.5371
755,0.5402
756,0.53935
757,0.54215
758,0.5431
759,0.54305
760,0.54885
761,0.5438
762,0.54755
763,0.54945
764,0.55135
765,0.55545
766,0.55115
767,0.56
768,0.5627
769,0.55965
770,0.5595
771,0.5629
772,0.56095
773,0.5666
774,0.5643
775,0.5718
776,0.56925
777,0.57235
778,0.5695
779,0.57275
780,0.56965
781,0.57695
782,0.5799
783,0.5783
784,0.58035
785,0.5871
786,0.58195
787,0.58105
788,0.58445
789,0.58675
790,0.5948
791,0.58915
792,0.5959
793,0.59765
794,0.59775
795,0.5978
796,0.59855
797,0.60065
798,0.60475
799,0.6099
800,0.6094
801,0.60295
802,0.6098
803,0.60585
804,0.61295
805,0.61075
806,0.61475
807,0.6203
808,0.61385
809,0.6217
810,0.6198
811,0.619
812,0.6261
813,0.63105
814,0.62415
815,0.63
816,0.62585
817,0.6316
818,0.63375
819,0.63555
820,0.63405
821,0.63335
822,0.63755
823,0.64235
824,0.64275
825,0.64545
826,0.64185
827,0.6509
828,0.64515
829,0.65425
830,0.6502
831,0.6533
832,0.65415
833,0.65775
834,0.659
835,0.65895
836,0.6628
837,0.6622
838,0.67035
839,0.6646
840,0.6631
841,0.66605
842,0.66975
843,0.67315
844,0.67135
845,0.6726
846,0.6782
847,0.67655
848,0.67375
849,0.68205
850,0.68455
851,0.6899
852,0.6826
853,0.6895
854,0.69045
855,0.6912
856,0.69315
857,0.68915
858,0.69595
859,0.7084
860,0.69705
861,0.70335
862,0.70695
863,0.7055
864,0.70975
865,0.7046
866,0.7073
867,0.70935
868,0.7083
869,0.7109
870,0.7206
871,0.722
872,0.72315
873,0.72945
874,0.72575
875,0.72155
876,0.72375
877,0.72325
878,0.72875
879,0.734
880,0.7387
881,0.7342
882,0.73935
883,0.73355
884,0.7438
885,0.73385
886,0.74115
887,0.7468
888,0.7455
889,0.74845
890,0.7518
891,0.74915
892,0.7527
893,0.75215
894,0.75805
895,0.75695
896,0.75765
897,0.7627
898,0.76395
899,0.7664
900,0.76235
901,0.76505
902,0.77005
903,0.77005
904,0.77215
905,0.77265
906,0.7798
907,0.7756
908,0.77865
909,0.77605
910,0.77735
911,0.78505
912,0.78385
913,0.7836
914,0.78675
915,0.78795
916,0.7909
917,0.80085
918,0.7994
919,0.7998
920,0.7995
921,0.80575
922,0.7988
923,0.80445
924,0.80205
925,0.80475
926,0.81025
927,0.812
928,0.81075
929,0.81705
930,0.8244
931,0.8233
932,0.82545
933,0.82335
934,0.8258
935,0.83025
936,0.83225
937,0.83425
938,0.82885
939,0.82835
940,0.8347
941,0.8386
942,0.8321
943,0.83565
944,0.84285
945,0.8454
946,0.848
947,0.8449
948,0.85295
949,0.85535
950,0.8501
951,0.85155
952,0.8582
953,0.8607
954,0.8603
955,0.85925
956,0.8619
957,0.86795
958,0.86905
959,0.8719
960,0.8703
961,0.87455
962,0.8742
963,0.87555
964,0.8784
965,0.8823
966,0.88215
967,0.88245
968,0.8852
969,0.9017
970,0.89065
971,0.89245
972,0.89205
973,0.89665
974,0.8978
975,0.8957
976,0.8971
977,0.89795
978,0.90365
979,0.9049
980,0.9053
981,0.9068
982,0.91135
983,0.9127
984,0.91275
985,0.9234
986,0.9142
987,0.9236
988,0.92375
989,0.92535
990,0.9287
991,0.9229
992,0.9288
993,0.9325
994,0.9322
995,0.9355
996,0.9371
997,0.93865
998,0.9392
999,0.9479
1000,0.94095
1001,0.9447
1002,0.94675
1003,0.94865
1004,0.958
1005,0.94895
1006,0.94855
1007,0.95185
1008,0.9583
1009,0.9651
1010,0.9652
1011,0.96835
1012,0.97165
1013,0.9758
1014,0.97875
1015,0.97375
1016,0.98055
1017,0.9841
1018,0.98475
1019,0.9831
1020,0.98625
1021,0.9831
1022,0.99125
1023,0.9898
1024,0.98985
1025,0.99245
1026,0.9941
1027,0.9959
1028,1.00085
1029,1.00105
1030,1.01035
1031,1.00515
1032,1.0066
1033,1.0087
1034,1.0037
1035,1.0125
1036,1.01565
1037,1.02255
1038,1.0133
1039,1.02125
1040,1.02155
1041,1.02195
1042,1.02475
1043,1.0277
1044,1.02635
1045,1.0345
1046,1.03845
1047,1.0335
1048,1.0336
1049,1.0382
1050,1.04505
1051,1.03995
1052,1.0497
1053,1.0529
1054,1.0514
1055,1.0475
1056,1.05565
1057,1.05295
1058,1.0544
1059,1.061
1060,1.06295
1061,1.0632
1062,1.0717
1063,1.06565
1064,1.07695
1065,1.0651
1066,1.07275
1067,1.07785
1068,1.071
1069,1.07205
1070,1.07915
1071,1.0849
1072,1.09405
1073,1.08045
1074,1.0896
1075,1.08855
1076,1.0883
1077,1.09805
1078,1.09275
1079,1.0998
1080,1.1045
1081,1.10695
1082,1.10045
1083,1.1082
1084,1.10815
1085,1.1063
1086,1.12885
1087,1.11365
1088,1.11715
1089,1.11675
1090,1.1213
1091,1.11935
1092,1.1254
1093,1.1223
1094,1.12585
1095,1.1306
1096,1.13395
1097,1.1366
1098,1.1424
1099,1.1427
1100,1.14255
1101,1.15155
1102,1.14535
1103,1.1494
1104,1.16075
1105,1.1482
1106,1.1593
1107,1.1558
1108,1.15735
1109,1.15785
1110,1.1629
1111,1.17195
1112,1.1667
1113,1.17255
1114,1.175
1115,1.16825
1116,1.1792
1117,1.17295
1118,1.18155
1119,1.17875
1120,1.18545
1121,1.18775
1122,1.18675
1123,1.192
1124,1.19875
1125,1.204
1126,1.1956
1127,1.1983
1128,1.203
1129,1.20215
1130,1.20835
1131,1.20645
1132,1.20905
1133,1.2078
1134,1.21145
1135,1.2158
1136,1.2209
1137,1.21975
1138,1.2256
1139,1.2213
1140,1.2376
1141,1.238
1142,1.23485
1143,1.2294
1144,1.24665
1145,1.2338
1146,1.23865
1147,1.2473
1148,1.24355
1149,1.2458
1150,1.24755
1151,1.2515
1152,1.25455
1153,1.2536
1154,1.2603
1155,1.26065
1156,1.25855
1157,1.26905
1158,1.2594
1159,1.2687
1160,1.27645
1161,1.279
1162,1.28095
1163,1.27825
1164,1.2799
1165,1.2813
1166,1.2914
1167,1.28485
1168,1.2933
1169,1.30175
1170,1.29405
1171,1.28425
1172,1.2936
1173,1.2875
1174,1.2964
1175,1.30105
1176,1.30095
1177,1.3055
1178,1.3025
1179,1.31735
1180,1.3178
1181,1.31225
1182,1.31955
1183,1.3266
1184,1.33225
1185,1.32575
1186,1.32005
1187,1.3348
1188,1.3294
1189,1.3349
1190,1.3361
1191,1.3444
1192,1.33735
1193,1.35085
1194,1.3316
1195,1.3557
1196,1.3505
1197,1.35875
1198,1.35845
1199,1.35485
1200,1.3633
1201,1.36575
1202,1.35515
1203,1.36365
1204,1.3741
1205,1.37585
1206,1.3719
1207,1.37335
1208,1.3767
1209,1.38505
1210,1.38135
1211,1.39225
1212,1.38225
1213,1.3973
1214,1.3878
1215,1.38965
1216,1.40025
1217,1.39825
1218,1.40505
1219,1.4027
1220,1.42195
1221,1.40235
1222,1.4139
1223,1.40945
1224,1.41705
1225,1.41225
1226,1.41995
1227,1.41655
1228,1.4116
1229,1.41845
1230,1.4416
1231,1.99365
1232,1.4341
1233,1.445
1234,1.4327
1235,1.44235
1236,1.44055
1237,1.4474
1238,1.45245
1239,1.4525
1240,1.45195
1241,1.45785
1242,1.46585
1243,1.46915
1244,1.46875
1245,1.4736
1246,1.46565
1247,1.46805
1248,1.46945
1249,1.4786
1250,1.47045
1251,1.4759
1252,1.4761
1253,1.48825
1254,1.4756
1255,1.48625
1256,1.5086
1257,1.4921
1258,1.51365
1259,1.50585
1260,1.5104
1261,1.49535
1262,1.50865
1263,1.5189
1264,1.50655
1265,1.5154
1266,1.50515
1267,1.5148
1268,1.51615
1269,1.5168
1270,1.53135
1271,1.53105
1272,1.53355
1273,1.5402
1274,1.5349
1275,1.5531
1276,1.56605
1277,1.5446
1278,1.5414
1279,1.5398
1280,1.54925
1281,1.54105
1282,1.55265
1283,1.5613
1284,1.5676
1285,1.5607
1286,1.55555
1287,1.5616
1288,1.56775
1289,1.58065
1290,1.58035
1291,1.5879
1292,1.57545
1293,1.58285
1294,1.5874
1295,1.587
1296,1.5839
1297,1.591
1298,1.58085
1299,1.58775
1300,1.60055
1301,1.59935
1302,1.59955
1303,1.59975
1304,1.6076
1305,1.60805
1306,1.60605
1307,1.6107
1308,1.5992
1309,1.61955
1310,1.62375
1311,1.6187
1312,1.6274
1313,1.62725
1314,1.629
1315,1.628
1316,1.63645
1317,1.63415
1318,1.63375
1319,1.6368
1320,1.6447
1321,1.6424
1322,1.6476
1323,1.65525
1324,1.6645
1325,1.6657
1326,1.6669
1327,1.67145
1328,1.6543
1329,1.66555
1330,1.68915
1331,1.6671
1332,1.67765
1333,1.6878
1334,1.6778
1335,1.70295
1336,1.7217
1337,1.6795
1338,1.68715
1339,1.7029
1340,1.70935
1341,1.69285
1342,1.7005
1343,1.7008
1344,1.70355
1345,1.71075
1346,1.7115
1347,1.7096
1348,1.7128
1349,1.72215
1350,1.7259
1351,1.71235
1352,1.7277
1353,1.73315
1354,1.73755
1355,1.74045
1356,1.7389
1357,1.7453
1358,1.72905
1359,1.73825
1360,1.7464
1361,1.74935
1362,1.746
1363,1.7529
1364,1.7452
1365,1.75885
1366,1.764
1367,1.76625
1368,1.77385
1369,1.76735
1370,1.78015
1371,1.76275
1372,1.764
1373,1.77555
1374,1.7802
1375,1.78935
1376,1.797
1377,1.789
1378,1.78345
1379,1.7996
1380,2.4875
1381,1.80165
1382,1.8123
1383,1.803
1384,1.8097
1385,1.81985
1386,1.8122
1387,1.82205
1388,1.82725
1389,1.8317
1390,1.8256
1391,1.82365
1392,1.832
1393,1.83275
1394,1.8489
1395,1.83965
1396,1.84365
1397,1.8382
1398,1.85485
1399,1.8403
1400,1.84995
1401,1.8603
1402,1.86565
1403,1.87075
1404,1.86655
1405,1.87675
1406,1.8797
1407,1.87695
1408,1.87925
1409,1.8808
1410,1.88555
1411,1.8869
1412,1.8882
1413,1.87215
1414,1.88595
1415,1.89445
1416,1.88615
1417,1.8855
1418,1.8877
1419,1.9017
1420,1.8984
1421,1.905
1422,1.91235
1423,1.9107
1424,1.91065
1425,1.93125
1426,1.9292
1427,1.93155
1428,1.9268
1429,1.93605
1430,1.93095
1431,1.9385
1432,1.9493
1433,1.94115
1434,1.94225
1435,1.94635
1436,1.95845
1437,1.96555
1438,1.96195
1439,1.95795
1440,1.9808
1441,1.97795
1442,1.95905
1443,1.9632
1444,1.97375
1445,1.9789
1446,1.99635
1447,2.01635
1448,1.9894
1449,1.98015
1450,1.9886
1451,1.99925
1452,1.9903
1453,1.98505
1454,2.00375
1455,2.0018
1456,2.004
1457,2.00275
1458,2.0247
1459,2.0099
1460,2.01885
1461,2.0291
1462,2.0265
1463,2.0135
1464,2.0252
1465,2.0352
1466,2.0381
1467,2.01945
1468,2.02855
1469,2.0372
1470,2.03545
1471,2.04825
1472,2.0445
1473,2.0641
1474,2.06905
1475,2.05805
1476,2.0555
1477,2.0451
1478,2.05215
1479,2.0694
1480,2.06585
1481,2.0685
1482,2.07415
1483,2.07065
1484,2.07965
1485,2.0749
1486,2.08455
1487,2.07885
1488,2.08935
1489,2.10145
1490,2.0929
1491,2.11655
1492,2.09035
1493,2.10675
1494,2.14915
1495,2.1194
1496,2.1398
1497,2.23285
1498,2.17125
1499,2.1332
1500,2.12725
1501,2.12795
1502,2.1505
1503,2.14885
1504,2.13565
1505,2.1382
1506,2.13755
1507,2.1421
1508,2.17325
1509,2.1435
1510,2.19765
1511,2.1415
1512,2.15455
1513,2.15435
1514,2.1665
1515,2.18215
1516,2.1776
1517,2.1796
1518,2.19155
1519,2.17525
1520,2.205
1521,2.18125
1522,2.22325
1523,2.19055
1524,2.1844
1525,2.20185
1526,2.22735
1527,2.2104
1528,2.23125
1529,2.22175
1530,2.20305
1531,2.2252
1532,2.24
1533,2.226
1534,2.22545
1535,2.22845
1536,2.2234
1537,2.2331
1538,2.24265
1539,2.25055
1540,2.2508
1541,2.259
1542,2.2518
1543,2.2629
1544,2.27045
1545,2.2528
1546,2.25635
1547,2.2568
1548,2.2469
1549,2.27975
1550,2.27445
1551,2.2981
1552,2.27435
1553,2.2763
1554,2.2812
1555,2.3006
1556,2.2719
1557,2.2931
1558,2.28455
1559,2.29075
1560,2.28795
1561,2.32315
1562,2.31885
1563,2.3029
1564,2.29935
1565,2.3313
1566,2.33195
1567,2.32695
1568,2.31875
1569,2.32415
1570,2.321
1571,2.34225
1572,2.3468
1573,2.333
1574,2.3381
1575,2.34755
1576,2.3642
1577,2.3346
1578,2.3471
1579,2.363
1580,2.35835
1581,2.36125
1582,2.3654
1583,2.35885
1584,2.3664
1585,2.3883
1586,2.39175
1587,2.3843
1588,2.38055
1589,2.36405
1590,2.38095
1591,2.4286
1592,2.39275
1593,2.39455
1594,2.40385
1595,2.40765
1596,2.4102
1597,2.40205
1598,2.4006
1599,2.4169
1600,2.41855
1601,2.4177
1602,2.4113
1603,2.4157
1604,2.4362
1605,2.4538
1606,2.4305
1607,2.427
1608,2.4413
1609,3.05845
1610,2.4408
1611,2.4512
1612,2.4491
1613,2.4516
1614,2.44895
1615,2.4911
1616,2.45015
1617,2.462
1618,2.4631
1619,2.489
1620,2.4816
1621,2.4974
1622,2.48655
1623,2.5061
1624,2.52515
1625,2.498
1626,2.49605
1627,2.5003
1628,2.5147
1629,2.51355
1630,2.5222
1631,2.5267
1632,2.5196
1633,2.5196
1634,2.532
1635,2.5369
1636,2.5372
1637,2.53685
1638,2.52485
1639,2.5167
1640,2.5539
1641,2.54755
1642,2.55695
1643,2.5466
1644,2.5689
1645,2.5433
1646,2.55295
1647,2.57325
1648,2.584
1649,2.56305
1650,2.5895
1651,2.58315
1652,2.5665
1653,2.5826
1654,2.61285
1655,2.5945
1656,2.58845
1657,2.5917
1658,2.60685
1659,2.58045
1660,2.5941
1661,2.5976
1662,2.6196
1663,2.61265
1664,2.60885
1665,2.62445
1666,2.6365
1667,2.62635
1668,2.61855
1669,2.62535
1670,2.62105
1671,2.6381
1672,2.6303
1673,2.6494
1674,2.641
1675,2.6494
1676,2.6533
1677,2.64845
1678,2.655
1679,2.6718
1680,2.6613
1681,2.6955
1682,2.6721
1683,2.6889
1684,2.69525
1685,2.67315
1686,2.69105
1687,2.7095
1688,2.71135
1689,2.69965
1690,2.7249
1691,2.71435
1692,2.72895
1693,2.72555
1694,2.72995
1695,2.7601
1696,2.7542
1697,2.73085
1698,2.76085
1699,2.98955
1700,2.95
1701,2.8924
1702,2.84545
1703,3.08155
1704,2.84885
1705,2.86
1706,2.88025
1707,2.9096
1708,2.8078
1709,2.8361
1710,2.8815
1711,2.82385
1712,2.7789
1713,2.78875
1714,2.78405
1715,2.81345
1716,2.7905
1717,2.82525
1718,2.8093
1719,2.81755
1720,2.83325
1721,2.80605
1722,2.8042
1723,2.8029
1724,2.8117
1725,2.81905
1726,2.82435
1727,2.8152
1728,2.8304
1729,2.8387
1730,2.838
1731,2.869
1732,2.8793
1733,2.8518
1734,2.86555
1735,2.8426
1736,2.85175
1737,2.86345
1738,2.85235
1739,2.85095
1740,2.8698
1741,2.8969
1742,2.8804
1743,2.90635
1744,2.85645
1745,2.8851
1746,2.88785
1747,2.91215
1748,2.914
1749,2.8983
1750,2.9515
1751,2.92625
1752,2.92125
1753,2.91055
1754,2.90495
1755,2.91985
1756,2.9197
1757,2.91525
1758,2.9205
1759,2.93965
1760,2.91535
1761,2.92225
1762,2.94355
1763,2.9309
1764,2.94425
1765,2.95955
1766,2.95215
1767,3.1955
1768,3.0724
1769,3.0146
1770,3.06225
1771,3.0939
1772,2.9678
1773,2.98355
1774,3.0232
1775,3.001
1776,2.9846
1777,2.9847
1778,2.9958
1779,3.06175
1780,3.0602
1781,3.07485
1782,3.0956
1783,4.3058
1784,5.2736
1785,3.6427
1786,3.3328
1787,3.23
1788,4.6428
1789,3.641
1790,3.2334
1791,3.2321
1792,3.10215
1793,3.0776
1794,3.2846
1795,3.24545
1796,3.22305
1797,3.2271
1798,3.75825
1799,4.88105
1800,3.97135
1801,4.8759
1802,3.24565
1803,3.22465
1804,3.2396
1805,3.15595
1806,3.66905
1807,3.2302
1808,4.5807
1809,3.23165
1810,3.20185
1811,3.41175
1812,3.18885
1813,5.30435
1814,5.25215
1815,4.41145
1816,5.15175
1817,4.2712
1818,4.1402
1819,4.31165
1820,4.9352
1821,5.33055
1822,3.47335
1823,3.6224
1824,3.6135
1825,3.61425
1826,3.55295
1827,3.4436
1828,3.5439
1829,3.5973
1830,3.6363
1831,3.6219
1832,3.74425
1833,3.5987
1834,3.66755
1835,3.60955
1836,3.7294
1837,3.5836
1838,3.62245
1839,3.6938
1840,3.6967
1841,3.5739
1842,3.69065
1843,3.63165
1844,3.7158
1845,4.2918
1846,3.71975
1847,3.65955
1848,3.9256
1849,3.80585
1850,3.73545
1851,3.69775
1852,3.6256
1853,3.7622
1854,3.746
1855,3.69975
1856,3.66255
1857,3.66135
1858,3.6711
1859,3.68
1860,3.71955
1861,3.6844
1862,3.6729
1863,3.74315
1864,3.74945
1865,3.85765
1866,3.837
1867,3.6398
1868,3.621
1869,3.75195
1870,3.64665
1871,3.74085
1872,3.7744
1873,3.9716
1874,3.82905
1875,3.76465
1876,3.7613
1877,3.76845
1878,3.7957
1879,3.82575
1880,5.19215
1881,4.86505
1882,3.83405
1883,3.79765
1884,3.83085
1885,4.0842
1886,3.8255
1887,3.81255
1888,3.97925
1889,3.92785
1890,4.55695
1891,4.52455
1892,3.95735
1893,3.97585
1894,5.8051
1895,3.8681
1896,4.2303
1897,3.6425
1898,3.61675
1899,3.5061
1900,4.5685
1901,3.60295
1902,3.4925
1903,3.5667
1904,3.53545
1905,3.48845
1906,3.5585
1907,3.57675
1908,3.6368
1909,3.5272
1910,3.5233
1911,3.53965
1912,3.54995
1913,3.5346
1914,3.51085
1915,3.52025
1916,3.595
1917,3.48275
1918,3.5307
1919,3.5277
1920,3.5249
1921,3.531
1922,3.51815
1923,3.5557
1924,3.579
1925,3.56125
1926,3.5849
1927,3.62915
1928,3.57935
1929,3.5754
1930,3.54565
1931,3.6025
1932,3.607
1933,3.6192
1934,3.55165
1935,3.6239
1936,3.5507
1937,3.5672
1938,3.60965
1939,3.60725
1940,3.5859
1941,3.5801
1942,3.6119
1943,3.58195
1944,3.5996
1945,3.593
1946,3.6581
1947,3.658
1948,3.65265
1949,3.62845
1950,3.66675
1951,3.6437
1952,3.6336
1953,3.63945
1954,3.6725
1955,3.63425
1956,3.63505
1957,3.6451
1958,3.63895
1959,3.62675
1960,3.6456
1961,3.65555
1962,3.6953
1963,3.71375
1964,3.65465
1965,3.6678
1966,3.69955
1967,3.7172
1968,3.7153
1969,3.70225
1970,3.7278
1971,3.72355
1972,3.73
1973,3.6915
1974,3.72475
1975,3.72095
1976,3.7505
1977,3.74075
1978,3.69625
1979,3.70835
1980,3.75295
1981,3.7322
1982,3.73505
1983,3.7517
1984,3.747
1985,3.8948
1986,3.77325
1987,3.754
1988,3.7516
1989,3.7894
1990,3.8158
1991,3.79225
1992,3.81375
1993,3.79585
1994,3.77925
1995,3.8255
1996,3.80565
1997,3.8319
1998,3.8278
1999,3.8319
2000,3.8459
2001,3.80005
2002,3.7893
2003,3.81605
2004,3.82525
2005,3.8453
2006,3.8311
2007,3.83835
2008,3.80065
2009,3.83725
2010,3.83185
2011,3.8837
2012,3.8189
2013,3.84545
2014,3.8442
2015,3.8881
2016,3.87575
2017,3.9173
2018,3.9282
2019,3.90095
2020,3.9355
2021,3.87145
2022,3.9635
2023,3.9232
2024,3.9361
2025,3.92685
2026,3.90505
2027,3.8938
2028,3.91665
2029,3.94015
2030,3.9118
2031,3.9074
2032,3.92035
2033,3.9601
2034,4.00745
2035,3.925
2036,3.9555
2037,3.9653
2038,3.97315
2039,3.9501
2040,3.9726
2041,3.95925
2042,3.9683
2043,3.93935
2044,3.9763
2045,3.98185
2046,3.99415
2047,3.9894
2048,3.96945
2049,3.9921
2050,4.0044
2051,4.0304
2052,3.9836
2053,3.99285
2054,3.98105
2055,4.0026
2056,4.18875
2057,4.0124
2058,4.06015
2059,4.05185
2060,4.0055
2061,4.04795
2062,4.04405
2063,4.0703
2064,4.078
2065,4.0126
2066,4.04195
2067,4.0314
2068,4.03655
2069,4.0707
2070,4.09435
2071,4.0938
2072,4.0862
2073,4.1093
2074,4.112
2075,4.1191
2076,4.1061
2077,4.12065
2078,4.11495
2079,4.12585
2080,4.1007
2081,4.12115
2082,4.1276
2083,4.1143
2084,4.1286
2085,4.2415
2086,4.18205
2087,4.15805
2088,4.1644
